Thời gian,Mã,Tính năng
2026-03-14 13:50:21,AAPL,📈 Phân Tích Kỹ Thuật
2026-03-14 13:50:36,AAPL,📈 Phân Tích Kỹ Thuật
2026-03-14 13:50:40,VNM.VN,📈 Phân Tích Kỹ Thuật
2026-03-14 13:51:27,VNM.VN,📈 Phân Tích Kỹ Thuật
2026-03-14 13:51:31,BTC-USD,📈 Phân Tích Kỹ Thuật
2026-03-14 14:45:20,AAPL,📈 Phân Tích Kỹ Thuật
2026-03-14 14:46:32,AAPL,🕒 Lịch Sử & Hiệu Suất
2026-03-14 14:46:59,AAPL,🎯 Chỉ Số Thị Trường
2026-03-14 14:47:18,AAPL,📰 Tin Tức & Sự Kiện
2026-03-14 14:47:33,AAPL,📊 Thống Kê & Lịch Sử
2026-03-15 19:30:10,AAPL,📈 Phân Tích Kỹ Thuật
2026-03-15 19:32:54,AAPL,📈 Phân Tích Kỹ Thuật
2026-03-15 19:32:58,AAPL,📈 Phân Tích Kỹ Thuật
2026-03-15 19:33:03,BTC-USD,📈 Phân Tích Kỹ Thuật
2026-03-15 19:33:11,BTC-USD,📈 Phân Tích Kỹ Thuật
2026-03-15 19:33:12,BTC-USD,📈 Phân Tích Kỹ Thuật
2026-03-15 22:20:25,BTC-USD,🕒 Lịch Sử & Hiệu Suất
2026-03-15 22:22:05,BTC-USD,🎯 Chỉ Số Thị Trường
2026-03-15 22:23:55,BTC-USD,🎯 Chỉ Số Thị Trường
2026-03-15 22:24:00,AAPL,🎯 Chỉ Số Thị Trường
2026-03-15 22:24:59,AAPL,📰 Tin Tức & Sự Kiện
2026-03-16 20:12:02,AAPL,📈 Phân Tích Kỹ Thuật
2026-03-16 20:12:25,AAPL,📊 Thống Kê & Lịch Sử
2026-03-16 20:12:34,AAPL,📰 Tin Tức & Sự Kiện
2026-03-16 20:12:48,AAPL,📈 Phân Tích Kỹ Thuật
2026-03-16 20:17:19,AAPL,📈 Phân Tích Kỹ Thuật
2026-03-16 20:17:21,BTC-USD,📈 Phân Tích Kỹ Thuật
2026-03-16 20:17:51,BTC-USD,📈 Phân Tích Kỹ Thuật
2026-03-16 20:17:53,BTC-USD,📈 Phân Tích Kỹ Thuật
2026-03-16 20:39:03,AAPL,📈 Phân Tích Kỹ Thuật
2026-03-16 21:01:56,AAPL,📈 Phân Tích Kỹ Thuật
2026-03-16 21:02:07,AAPL,📈 Phân Tích Kỹ Thuật
2026-03-16 21:02:10,BTC-USD,📈 Phân Tích Kỹ Thuật
2026-03-16 21:05:49,BTC-USD,📈 Phân Tích Kỹ Thuật
2026-03-16 21:05:50,BTC-USD,📈 Phân Tích Kỹ Thuật
2026-03-16 21:20:27,AAPL,📈 Phân Tích Kỹ Thuật
2026-03-16 21:20:49,AAPL,📈 Phân Tích Kỹ Thuật
2026-03-16 21:20:50,AAPL,📈 Phân Tích Kỹ Thuật
2026-03-16 21:21:19,AAPL,📈 Phân Tích Kỹ Thuật
2026-03-16 21:21:26,AAPL,📈 Phân Tích Kỹ Thuật
2026-03-16 21:23:35,AAPL,📈 Phân Tích Kỹ Thuật
2026-03-16 21:23:40,BTC-USD,📈 Phân Tích Kỹ Thuật
2026-03-16 21:23:48,BTC-USD,📈 Phân Tích Kỹ Thuật
2026-03-16 21:23:51,BTC-USD,📈 Phân Tích Kỹ Thuật
2026-03-16 21:36:46,AAPL,📈 Phân Tích Kỹ Thuật
2026-03-16 21:39:08,AAPL,📈 Phân Tích Kỹ Thuật
2026-03-16 21:39:11,ETH-USD,📈 Phân Tích Kỹ Thuật
2026-03-16 21:42:52,ETH-USD,📈 Phân Tích Kỹ Thuật
2026-03-16 21:42:53,ETH-USD,📈 Phân Tích Kỹ Thuật
2026-03-16 21:53:43,AAPL,📈 Phân Tích Kỹ Thuật
2026-03-16 21:55:37,AAPL,📈 Phân Tích Kỹ Thuật
2026-03-16 21:55:40,ETH-USD,📈 Phân Tích Kỹ Thuật
2026-03-16 21:57:52,VND=X,📈 Phân Tích Kỹ Thuật
2026-03-16 22:01:45,VND=X,📈 Phân Tích Kỹ Thuật
2026-03-16 22:01:46,VND=X,📈 Phân Tích Kỹ Thuật
2026-03-16 22:01:51,AAPL,📈 Phân Tích Kỹ Thuật
2026-03-16 22:05:44,AAPL,📈 Phân Tích Kỹ Thuật
2026-03-16 22:05:47,ETH-USD,📈 Phân Tích Kỹ Thuật
2026-03-16 22:06:05,ETH-USD,📈 Phân Tích Kỹ Thuật
2026-03-16 22:06:07,ETH-USD,📈 Phân Tích Kỹ Thuật
2026-03-17 23:33:13,AAPL,📈 Phân Tích Kỹ Thuật
2026-03-17 23:33:31,AAPL,🕒 Lịch Sử & Hiệu Suất
2026-03-17 23:33:52,AAPL,🎯 Chỉ Số Thị Trường
2026-03-17 23:34:10,AAPL,📰 Tin Tức & Sự Kiện
2026-03-17 23:34:19,AAPL,📊 Thống Kê & Lịch Sử
2026-03-19 07:47:34,AAPL,📈 Phân Tích Kỹ Thuật
2026-03-19 07:49:11,AAPL,📈 Phân Tích Kỹ Thuật
